{"meta": {"format": 2, "version": "7.5.0", "timestamp": "2024-05-03T14:08:36.656320", "branch_coverage": false, "show_contexts": false}, "files": {"src/app.py": {"executed_lines": [1, 2, 3, 4, 5, 7, 8, 10, 13, 14, 17, 18, 21, 22, 23, 26, 27, 28, 29, 30, 31, 32, 35, 36, 37, 38, 39, 40, 54, 55, 56, 59, 60, 61, 64, 65, 66, 67, 72, 73, 74, 75, 76, 77, 78, 79, 84], "summary": {"covered_lines": 47, "num_statements": 51, "percent_covered": 92.15686274509804, "percent_covered_display": "92", "missing_lines": 4, "excluded_lines": 0}, "missing_lines": [69, 80, 81, 85], "excluded_lines": []}, "src/test_app.py": {"executed_lines": [1, 2, 3, 5, 7, 10, 11, 12, 13, 16, 17, 19, 22, 23, 24, 27, 29, 30, 31, 34, 35, 38, 40, 41, 42, 45, 47, 48, 49, 52, 54, 55, 56, 59, 61, 62, 63, 64, 65, 66], "summary": {"covered_lines": 40, "num_statements": 40, "percent_covered": 100.0, "percent_covered_display": "100", "missing_lines": 0, "excluded_lines": 0}, "missing_lines": [], "excluded_lines": []}}, "totals": {"covered_lines": 87, "num_statements": 91, "percent_covered": 95.6043956043956, "percent_covered_display": "96", "missing_lines": 4, "excluded_lines": 0}}